-- phpMyAdmin SQL Dump
-- version 5.0.1
-- https://www.phpmyadmin.net/
--
-- Počítač: sql2.webzdarma.cz:3306
-- Vytvořeno: Úte 30. srp 2022, 10:35
-- Verze serveru: 5.6.51-91.0
-- Verze PHP: 7.4.29

SET SQL_MODE = "NO_AUTO_VALUE_ON_ZERO";
SET AUTOCOMMIT = 0;
START TRANSACTION;
SET time_zone = "+00:00";


/*!40101 SET @OLD_CHARACTER_SET_CLIENT=@@CHARACTER_SET_CLIENT */;
/*!40101 SET @OLD_CHARACTER_SET_RESULTS=@@CHARACTER_SET_RESULTS */;
/*!40101 SET @OLD_COLLATION_CONNECTION=@@COLLATION_CONNECTION */;
/*!40101 SET NAMES utf8mb4 */;

--
-- Databáze: `ohrazenice.k8801`
--

-- --------------------------------------------------------

--
-- Struktura tabulky `c_attendance`
--

CREATE TABLE `c_attendance` (
  `c_att` smallint(6) NOT NULL,
  `desctription` varchar(50) DEFAULT NULL
) ENGINE=InnoDB DEFAULT CHARSET=utf8;

--
-- Vypisuji data pro tabulku `c_attendance`
--

INSERT INTO `c_attendance` (`c_att`, `desctription`) VALUES
(1, 'ANO'),
(2, 'ANO'),
(3, '?');

-- --------------------------------------------------------

--
-- Struktura tabulky `t_date`
--

CREATE TABLE `t_date` (
  `id` int(11) NOT NULL DEFAULT '1',
  `date` date DEFAULT NULL,
  `time_start` time DEFAULT NULL,
  `time_end` time DEFAULT NULL,
  `holiday` tinyint(1) DEFAULT NULL,
  `comment` text
) ENGINE=InnoDB DEFAULT CHARSET=utf8;

--
-- Vypisuji data pro tabulku `t_date`
--

INSERT INTO `t_date` (`id`, `date`, `time_start`, `time_end`, `holiday`, `comment`) VALUES
(1, '2022-01-07', '16:30:00', '17:30:00', 0, NULL),
(2, '2022-01-14', '16:30:00', '17:30:00', 0, NULL),
(3, '2022-01-21', '16:30:00', '17:30:00', 0, NULL),
(4, '2022-01-28', '16:30:00', '17:30:00', 0, NULL),
(5, '2022-02-04', '16:30:00', '17:30:00', 0, NULL),
(6, '2022-02-11', '16:30:00', '17:30:00', 0, NULL),
(7, '2022-02-18', '16:30:00', '17:30:00', 0, NULL),
(8, '2022-02-25', '16:30:00', '17:30:00', 0, NULL),
(9, '2022-03-04', '16:30:00', '17:30:00', 0, NULL),
(10, '2022-03-11', '16:30:00', '17:30:00', 0, NULL),
(11, '2022-03-18', '16:30:00', '17:30:00', 0, NULL),
(12, '2022-03-25', '16:30:00', '17:30:00', 0, NULL),
(13, '2022-04-01', '16:30:00', '17:30:00', 0, NULL),
(14, '2022-04-08', '16:30:00', '17:30:00', 0, NULL),
(15, '2022-04-15', '16:30:00', '17:30:00', 1, 'Musíme se domluvit se správcem, jestli nás tam pustí.'),
(16, '2022-04-22', '16:30:00', '17:30:00', 0, NULL),
(17, '2022-04-29', '16:30:00', '17:30:00', 0, NULL),
(18, '2022-05-06', '16:30:00', '17:30:00', 0, NULL),
(19, '2022-05-13', '16:30:00', '17:30:00', 0, NULL),
(20, '2022-05-20', '16:30:00', '17:30:00', 0, NULL),
(21, '2022-05-27', '16:30:00', '17:30:00', 0, NULL),
(22, '2022-06-03', '16:30:00', '17:30:00', 0, NULL),
(23, '2022-06-10', '16:30:00', '17:30:00', 0, NULL),
(24, '2022-06-17', '16:30:00', '17:30:00', 0, NULL),
(25, '2022-06-24', '16:30:00', '17:30:00', 0, NULL);

-- --------------------------------------------------------

--
-- Struktura tabulky `t_player`
--

CREATE TABLE `t_player` (
  `id` int(11) NOT NULL,
  `name` varchar(50) DEFAULT NULL,
  `surname` varchar(50) DEFAULT NULL,
  `email` varchar(50) DEFAULT NULL,
  `telefon` varchar(50) DEFAULT NULL,
  `comment` text
) ENGINE=InnoDB DEFAULT CHARSET=utf8;

--
-- Vypisuji data pro tabulku `t_player`
--

INSERT INTO `t_player` (`id`, `name`, `surname`, `email`, `telefon`, `comment`) VALUES
(1, 'Pavel', 'Ryšavý', '', '', NULL),
(2, 'Radek', 'Valík', '', '', NULL),
(3, 'Lukáš', 'Hazuka', '', '', NULL),
(4, 'Honza', 'Štěpánek', '', '', NULL),
(5, 'Milan', 'Novák', '', '', NULL),
(6, 'Honza', 'Müller', '', '', 'Admin'),
(7, 'Kuba', 'Bok', '', '', NULL),
(8, 'Mates', 'Hazuka', '', '', NULL),
(9, 'Honza', 'Kotajny', '', '', NULL),
(10, 'Marek', 'Rolinčin', '', '', NULL),
(11, 'Kablas', '', '', '', NULL),
(12, 'Martin', 'Pětioký', '', '', NULL),
(13, 'Tomáš', 'Klátil', '', '', NULL),
(14, 'Jakub', 'Müller', '', '', NULL),
(15, 'Pepa', 'Němec', '', '', NULL),
(16, 'Mára', 'Dvořák', '', '', NULL),
(17, 'Roman', 'Horčičák', '', '', NULL),
(18, 'Petr', 'Košťál', NULL, NULL, NULL),
(19, 'Návštěvník 1', NULL, NULL, NULL, NULL),
(20, 'Návštěvník 2', NULL, NULL, NULL, NULL),
(21, 'Návštěvník 3', NULL, NULL, NULL, NULL),
(22, 'Návštěvník 4', NULL, NULL, NULL, NULL),
(23, 'Návštěvník 5', NULL, NULL, NULL, NULL);

-- --------------------------------------------------------

--
-- Struktura tabulky `t_player_date`
--

CREATE TABLE `t_player_date` (
  `id` int(11) NOT NULL,
  `id_player` int(11) DEFAULT NULL,
  `id_date` int(11) DEFAULT NULL,
  `c_att` smallint(6) DEFAULT NULL,
  `comment` text,
  `date` datetime DEFAULT NULL
) ENGINE=InnoDB DEFAULT CHARSET=utf8;

--
-- Vypisuji data pro tabulku `t_player_date`
--

INSERT INTO `t_player_date` (`id`, `id_player`, `id_date`, `c_att`, `comment`, `date`) VALUES
(1, 1, 1, 1, NULL, NULL),
(2, 1, 2, 1, NULL, NULL),
(3, 1, 3, 1, NULL, NULL),
(4, 1, 4, 1, NULL, NULL),
(5, 1, 5, 1, NULL, NULL),
(6, 1, 6, 1, NULL, NULL),
(7, 1, 7, 1, NULL, NULL),
(8, 1, 8, 2, NULL, NULL),
(9, 1, 9, 1, NULL, NULL),
(10, 1, 10, 1, NULL, NULL),
(11, 1, 11, 1, NULL, NULL),
(12, 1, 12, 2, NULL, NULL),
(13, 1, 13, 1, NULL, NULL),
(14, 1, 14, 1, NULL, NULL),
(15, 1, 15, 1, NULL, NULL),
(16, 1, 16, 1, NULL, NULL),
(17, 1, 17, 1, NULL, NULL),
(18, 1, 18, 1, NULL, NULL),
(19, 1, 19, 1, NULL, NULL),
(20, 1, 20, 2, NULL, NULL),
(21, 1, 21, 1, NULL, NULL),
(22, 1, 22, 0, NULL, NULL),
(23, 1, 23, 2, NULL, NULL),
(24, 1, 24, 2, NULL, NULL),
(25, 1, 25, 1, NULL, NULL),
(26, 2, 1, 1, NULL, NULL),
(27, 2, 2, 1, NULL, NULL),
(28, 2, 3, 2, NULL, NULL),
(29, 2, 4, 1, NULL, NULL),
(30, 2, 5, 1, NULL, NULL),
(31, 2, 6, 1, NULL, NULL),
(32, 2, 7, 1, NULL, NULL),
(33, 2, 8, 2, NULL, NULL),
(34, 2, 9, 2, NULL, NULL),
(35, 2, 10, 1, NULL, NULL),
(36, 2, 11, 1, NULL, NULL),
(37, 2, 12, 1, NULL, NULL),
(38, 2, 13, 1, NULL, NULL),
(39, 2, 14, 1, NULL, NULL),
(40, 2, 15, 1, NULL, NULL),
(41, 2, 16, 1, NULL, NULL),
(42, 2, 17, 1, NULL, NULL),
(43, 2, 18, 1, NULL, NULL),
(44, 2, 19, 2, NULL, NULL),
(45, 2, 20, 2, NULL, NULL),
(46, 2, 21, 1, NULL, NULL),
(47, 2, 22, 0, NULL, NULL),
(48, 2, 23, 0, NULL, NULL),
(49, 2, 24, 1, NULL, NULL),
(50, 2, 25, 1, NULL, NULL),
(51, 3, 1, 0, NULL, NULL),
(52, 3, 2, 1, NULL, NULL),
(53, 3, 3, 1, NULL, NULL),
(54, 3, 4, 2, NULL, NULL),
(55, 3, 5, 1, NULL, NULL),
(56, 3, 6, 1, NULL, NULL),
(57, 3, 7, 1, NULL, NULL),
(58, 3, 8, 1, NULL, NULL),
(59, 3, 9, 1, NULL, NULL),
(60, 3, 10, 0, NULL, NULL),
(61, 3, 11, 1, NULL, NULL),
(62, 3, 12, 1, NULL, NULL),
(63, 3, 13, 1, NULL, NULL),
(64, 3, 14, 1, NULL, NULL),
(65, 3, 15, 1, NULL, NULL),
(66, 3, 16, 1, NULL, NULL),
(67, 3, 17, 1, NULL, NULL),
(68, 3, 18, 1, NULL, NULL),
(69, 3, 19, 1, NULL, NULL),
(70, 3, 20, 2, NULL, NULL),
(71, 3, 21, 2, NULL, NULL),
(72, 3, 22, 2, NULL, NULL),
(73, 3, 23, 2, NULL, NULL),
(74, 3, 24, 2, NULL, NULL),
(75, 3, 25, 2, NULL, NULL),
(76, 4, 1, 1, NULL, NULL),
(77, 4, 2, 1, NULL, NULL),
(78, 4, 3, 2, NULL, NULL),
(79, 4, 4, 2, NULL, NULL),
(80, 4, 5, 2, NULL, NULL),
(81, 4, 6, 2, NULL, NULL),
(82, 4, 7, 2, NULL, NULL),
(83, 4, 8, 2, NULL, NULL),
(84, 4, 9, 2, NULL, NULL),
(85, 4, 10, 0, NULL, NULL),
(86, 4, 11, 1, NULL, NULL),
(87, 4, 12, 2, NULL, NULL),
(88, 4, 13, 2, NULL, NULL),
(89, 4, 14, 0, NULL, NULL),
(90, 4, 15, 0, NULL, NULL),
(91, 4, 16, 0, NULL, NULL),
(92, 4, 17, 2, NULL, NULL),
(93, 4, 18, 0, NULL, NULL),
(94, 4, 19, 0, NULL, NULL),
(95, 4, 20, 0, NULL, NULL),
(96, 4, 21, 0, NULL, NULL),
(97, 4, 22, 0, NULL, NULL),
(98, 4, 23, 0, NULL, NULL),
(99, 4, 24, 1, NULL, NULL),
(100, 4, 25, 2, NULL, NULL),
(101, 5, 1, 1, NULL, NULL),
(102, 5, 2, 1, NULL, NULL),
(103, 5, 3, 1, NULL, NULL),
(104, 5, 4, 1, NULL, NULL),
(105, 5, 5, 1, NULL, NULL),
(106, 5, 6, 1, NULL, NULL),
(107, 5, 7, 1, NULL, NULL),
(108, 5, 8, 1, NULL, NULL),
(109, 5, 9, 1, NULL, NULL),
(110, 5, 10, 1, NULL, NULL),
(111, 5, 11, 0, NULL, NULL),
(112, 5, 12, 1, NULL, NULL),
(113, 5, 13, 1, NULL, NULL),
(114, 5, 14, 1, NULL, NULL),
(115, 5, 15, 2, NULL, NULL),
(116, 5, 16, 1, NULL, NULL),
(117, 5, 17, 1, NULL, NULL),
(118, 5, 18, 1, NULL, NULL),
(119, 5, 19, 1, NULL, NULL),
(120, 5, 20, 1, NULL, NULL),
(121, 5, 21, 1, NULL, NULL),
(122, 5, 22, 2, NULL, NULL),
(123, 5, 23, 1, NULL, NULL),
(124, 5, 24, 2, NULL, NULL),
(125, 5, 25, 1, NULL, NULL),
(126, 6, 1, 1, NULL, NULL),
(127, 6, 2, 1, NULL, NULL),
(128, 6, 3, 1, NULL, NULL),
(129, 6, 4, 2, NULL, NULL),
(130, 6, 5, 1, NULL, NULL),
(131, 6, 6, 1, NULL, NULL),
(132, 6, 7, 1, NULL, NULL),
(133, 6, 8, 2, NULL, NULL),
(134, 6, 9, 1, NULL, NULL),
(135, 6, 10, 1, NULL, NULL),
(136, 6, 11, 1, NULL, NULL),
(137, 6, 12, 1, NULL, NULL),
(138, 6, 13, 1, NULL, NULL),
(139, 6, 14, 1, NULL, NULL),
(140, 6, 15, 1, NULL, NULL),
(141, 6, 16, 1, NULL, NULL),
(142, 6, 17, 1, NULL, NULL),
(143, 6, 18, 1, NULL, NULL),
(144, 6, 19, 1, NULL, NULL),
(145, 6, 20, 1, NULL, NULL),
(146, 6, 21, 2, NULL, NULL),
(147, 6, 22, 1, NULL, NULL),
(148, 6, 23, 1, NULL, NULL),
(149, 6, 24, 1, NULL, NULL),
(150, 6, 25, 2, NULL, NULL),
(151, 7, 1, 0, NULL, NULL),
(152, 7, 2, 0, NULL, NULL),
(153, 7, 3, 0, NULL, NULL),
(154, 7, 4, 0, NULL, NULL),
(155, 7, 5, 0, NULL, NULL),
(156, 7, 6, 0, NULL, NULL),
(157, 7, 7, 0, NULL, NULL),
(158, 7, 8, 0, NULL, NULL),
(159, 7, 9, 0, NULL, NULL),
(160, 7, 10, 1, NULL, NULL),
(161, 7, 11, 2, NULL, NULL),
(162, 7, 12, 0, NULL, NULL),
(163, 7, 13, 2, NULL, NULL),
(164, 7, 14, 0, NULL, NULL),
(165, 7, 15, 0, NULL, NULL),
(166, 7, 16, 0, NULL, NULL),
(167, 7, 17, 2, NULL, NULL),
(168, 7, 18, 0, NULL, NULL),
(169, 7, 19, 1, NULL, NULL),
(170, 7, 20, 2, NULL, NULL),
(171, 7, 21, 1, NULL, NULL),
(172, 7, 22, 0, NULL, NULL),
(173, 7, 23, 2, NULL, NULL),
(174, 7, 24, 2, NULL, NULL),
(175, 7, 25, 0, NULL, NULL),
(176, 8, 1, 2, NULL, NULL),
(177, 8, 2, 0, NULL, NULL),
(178, 8, 3, 2, NULL, NULL),
(179, 8, 4, 2, NULL, NULL),
(180, 8, 5, 1, NULL, NULL),
(181, 8, 6, 2, NULL, NULL),
(182, 8, 7, 1, NULL, NULL),
(183, 8, 8, 1, NULL, NULL),
(184, 8, 9, 1, NULL, NULL),
(185, 8, 10, 1, NULL, NULL),
(186, 8, 11, 1, NULL, NULL),
(187, 8, 12, 2, NULL, NULL),
(188, 8, 13, 1, NULL, NULL),
(189, 8, 14, 2, NULL, NULL),
(190, 8, 15, 2, NULL, NULL),
(191, 8, 16, 2, NULL, NULL),
(192, 8, 17, 1, NULL, NULL),
(193, 8, 18, 1, NULL, NULL),
(194, 8, 19, 1, NULL, NULL),
(195, 8, 20, 1, NULL, NULL),
(196, 8, 21, 1, NULL, NULL),
(197, 8, 22, 1, NULL, NULL),
(198, 8, 23, 2, NULL, NULL),
(199, 8, 24, 1, NULL, NULL),
(200, 8, 25, 1, NULL, NULL),
(201, 9, 1, 1, NULL, NULL),
(202, 9, 2, 2, NULL, NULL),
(203, 9, 3, 1, NULL, NULL),
(204, 9, 4, 1, NULL, NULL),
(205, 9, 5, 2, NULL, NULL),
(206, 9, 6, 1, NULL, NULL),
(207, 9, 7, 2, NULL, NULL),
(208, 9, 8, 2, NULL, NULL),
(209, 9, 9, 1, NULL, NULL),
(210, 9, 10, 2, NULL, NULL),
(211, 9, 11, 1, NULL, NULL),
(212, 9, 12, 1, NULL, NULL),
(213, 9, 13, 2, NULL, NULL),
(214, 9, 14, 2, NULL, NULL),
(215, 9, 15, 1, NULL, NULL),
(216, 9, 16, 1, NULL, NULL),
(217, 9, 17, 2, NULL, NULL),
(218, 9, 18, 1, NULL, NULL),
(219, 9, 19, 2, NULL, NULL),
(220, 9, 20, 2, NULL, NULL),
(221, 9, 21, 2, NULL, NULL),
(222, 9, 22, 2, NULL, NULL),
(223, 9, 23, 2, NULL, NULL),
(224, 9, 24, 2, NULL, NULL),
(225, 9, 25, 2, NULL, NULL),
(226, 10, 1, 1, NULL, NULL),
(227, 10, 2, 1, NULL, NULL),
(228, 10, 3, 1, NULL, NULL),
(229, 10, 4, 2, NULL, NULL),
(230, 10, 5, 1, NULL, NULL),
(231, 10, 6, 1, NULL, NULL),
(232, 10, 7, 2, NULL, NULL),
(233, 10, 8, 1, NULL, NULL),
(234, 10, 9, 2, NULL, NULL),
(235, 10, 10, 1, NULL, NULL),
(236, 10, 11, 1, NULL, NULL),
(237, 10, 12, 1, NULL, NULL),
(238, 10, 13, 1, NULL, NULL),
(239, 10, 14, 1, NULL, NULL),
(240, 10, 15, 2, NULL, NULL),
(241, 10, 16, 1, NULL, NULL),
(242, 10, 17, 1, NULL, NULL),
(243, 10, 18, 1, NULL, NULL),
(244, 10, 19, 1, NULL, NULL),
(245, 10, 20, 2, NULL, NULL),
(246, 10, 21, 2, NULL, NULL),
(247, 10, 22, 2, NULL, NULL),
(248, 10, 23, 2, NULL, NULL),
(249, 10, 24, 1, NULL, NULL),
(250, 10, 25, 1, NULL, NULL),
(251, 11, 1, 0, NULL, NULL),
(252, 11, 2, 0, NULL, NULL),
(253, 11, 3, 0, NULL, NULL),
(254, 11, 4, 0, NULL, NULL),
(255, 11, 5, 0, NULL, NULL),
(256, 11, 6, 0, NULL, NULL),
(257, 11, 7, 0, NULL, NULL),
(258, 11, 8, 0, NULL, NULL),
(259, 11, 9, 0, NULL, NULL),
(260, 11, 10, 0, NULL, NULL),
(261, 11, 11, 0, NULL, NULL),
(262, 11, 12, 0, NULL, NULL),
(263, 11, 13, 0, NULL, NULL),
(264, 11, 14, 0, NULL, NULL),
(265, 11, 15, 0, NULL, NULL),
(266, 11, 16, 0, NULL, NULL),
(267, 11, 17, 0, NULL, NULL),
(268, 11, 18, 0, NULL, NULL),
(269, 11, 19, 0, NULL, NULL),
(270, 11, 20, 0, NULL, NULL),
(271, 11, 21, 1, NULL, NULL),
(272, 11, 22, 2, NULL, NULL),
(273, 11, 23, 2, NULL, NULL),
(274, 11, 24, 1, NULL, NULL),
(275, 11, 25, 1, NULL, NULL),
(276, 12, 1, 1, NULL, NULL),
(277, 12, 2, 1, NULL, NULL),
(278, 12, 3, 1, NULL, NULL),
(279, 12, 4, 1, NULL, NULL),
(280, 12, 5, 1, NULL, NULL),
(281, 12, 6, 1, NULL, NULL),
(282, 12, 7, 1, NULL, NULL),
(283, 12, 8, 1, NULL, NULL),
(284, 12, 9, 1, NULL, NULL),
(285, 12, 10, 1, NULL, NULL),
(286, 12, 11, 2, NULL, NULL),
(287, 12, 12, 2, NULL, NULL),
(288, 12, 13, 0, NULL, NULL),
(289, 12, 14, 0, NULL, NULL),
(290, 12, 15, 0, NULL, NULL),
(291, 12, 16, 0, NULL, NULL),
(292, 12, 17, 2, NULL, NULL),
(293, 12, 18, 0, NULL, NULL),
(294, 12, 19, 0, NULL, NULL),
(295, 12, 20, 0, NULL, NULL),
(296, 12, 21, 0, NULL, NULL),
(297, 12, 22, 0, NULL, NULL),
(298, 12, 23, 0, NULL, NULL),
(299, 12, 24, 0, NULL, NULL),
(300, 12, 25, 0, NULL, NULL),
(301, 13, 1, 2, NULL, NULL),
(302, 13, 2, 0, NULL, NULL),
(303, 13, 3, 2, NULL, NULL),
(304, 13, 4, 0, NULL, NULL),
(305, 13, 5, 0, NULL, NULL),
(306, 13, 6, 2, NULL, NULL),
(307, 13, 7, 2, NULL, NULL),
(308, 13, 8, 2, NULL, NULL),
(309, 13, 9, 2, NULL, NULL),
(310, 13, 10, 0, NULL, NULL),
(311, 13, 11, 2, NULL, NULL),
(312, 13, 12, 1, NULL, NULL),
(313, 13, 13, 2, NULL, NULL),
(314, 13, 14, 0, NULL, NULL),
(315, 13, 15, 2, NULL, NULL),
(316, 13, 16, 1, NULL, NULL),
(317, 13, 17, 2, NULL, NULL),
(318, 13, 18, 2, NULL, NULL),
(319, 13, 19, 2, NULL, NULL),
(320, 13, 20, 1, NULL, NULL),
(321, 13, 21, 2, NULL, NULL),
(322, 13, 22, 0, NULL, NULL),
(323, 13, 23, 2, NULL, NULL),
(324, 13, 24, 2, NULL, NULL),
(325, 13, 25, 0, NULL, NULL),
(326, 14, 1, 1, NULL, NULL),
(327, 14, 2, 0, NULL, NULL),
(328, 14, 3, 1, NULL, NULL),
(329, 14, 4, 1, NULL, NULL),
(330, 14, 5, 2, NULL, NULL),
(331, 14, 6, 1, NULL, NULL),
(332, 14, 7, 1, NULL, NULL),
(333, 14, 8, 1, NULL, NULL),
(334, 14, 9, 1, NULL, NULL),
(335, 14, 10, 0, NULL, NULL),
(336, 14, 11, 2, NULL, NULL),
(337, 14, 12, 1, NULL, NULL),
(338, 14, 13, 1, NULL, NULL),
(339, 14, 14, 1, NULL, NULL),
(340, 14, 15, 1, NULL, NULL),
(341, 14, 16, 1, NULL, NULL),
(342, 14, 17, 1, NULL, NULL),
(343, 14, 18, 1, NULL, NULL),
(344, 14, 19, 2, NULL, NULL),
(345, 14, 20, 1, NULL, NULL),
(346, 14, 21, 1, NULL, NULL),
(347, 14, 22, 1, NULL, NULL),
(348, 14, 23, 1, NULL, NULL),
(349, 14, 24, 1, NULL, NULL),
(350, 14, 25, 2, NULL, NULL),
(351, 15, 1, 0, NULL, NULL),
(352, 15, 2, 0, NULL, NULL),
(353, 15, 3, 0, NULL, NULL),
(354, 15, 4, 2, NULL, NULL),
(355, 15, 5, 0, NULL, NULL),
(356, 15, 6, 0, NULL, NULL),
(357, 15, 7, 2, NULL, NULL),
(358, 15, 8, 0, NULL, NULL),
(359, 15, 9, 2, NULL, NULL),
(360, 15, 10, 1, NULL, NULL),
(361, 15, 11, 2, NULL, NULL),
(362, 15, 12, 1, NULL, NULL),
(363, 15, 13, 1, NULL, NULL),
(364, 15, 14, 1, NULL, NULL),
(365, 15, 15, 1, NULL, NULL),
(366, 15, 16, 2, NULL, NULL),
(367, 15, 17, 2, NULL, NULL),
(368, 15, 18, 2, NULL, NULL),
(369, 15, 19, 1, NULL, NULL),
(370, 15, 20, 2, NULL, NULL),
(371, 15, 21, 2, NULL, NULL),
(372, 15, 22, 1, NULL, NULL),
(373, 15, 23, 2, NULL, NULL),
(374, 15, 24, 0, NULL, NULL),
(375, 15, 25, 1, NULL, NULL),
(376, 16, 1, 0, NULL, NULL),
(377, 16, 2, 0, NULL, NULL),
(378, 16, 3, 0, NULL, NULL),
(379, 16, 4, 1, NULL, NULL),
(380, 16, 5, 0, NULL, NULL),
(381, 16, 6, 0, NULL, NULL),
(382, 16, 7, 0, NULL, NULL),
(383, 16, 8, 0, NULL, NULL),
(384, 16, 9, 0, NULL, NULL),
(385, 16, 10, 0, NULL, NULL),
(386, 16, 11, 0, NULL, NULL),
(387, 16, 12, 2, NULL, NULL),
(388, 16, 13, 0, NULL, NULL),
(389, 16, 14, 0, NULL, NULL),
(390, 16, 15, 2, NULL, NULL),
(391, 16, 16, 0, NULL, NULL),
(392, 16, 17, 0, NULL, NULL),
(393, 16, 18, 0, NULL, NULL),
(394, 16, 19, 0, NULL, NULL),
(395, 16, 20, 1, NULL, NULL),
(396, 16, 21, 1, NULL, NULL),
(397, 16, 22, 2, NULL, NULL),
(398, 16, 23, 0, NULL, NULL),
(399, 16, 24, 1, NULL, NULL),
(400, 16, 25, 1, NULL, NULL),
(401, 17, 1, 0, NULL, NULL),
(402, 17, 2, 0, NULL, NULL),
(403, 17, 3, 0, NULL, NULL),
(404, 17, 4, 0, NULL, NULL),
(405, 17, 5, 0, NULL, NULL),
(406, 17, 6, 0, NULL, NULL),
(407, 17, 7, 0, NULL, NULL),
(408, 17, 8, 0, NULL, NULL),
(409, 17, 9, 0, NULL, NULL),
(410, 17, 10, 0, NULL, NULL),
(411, 17, 11, 0, NULL, NULL),
(412, 17, 12, 0, NULL, NULL),
(413, 17, 13, 0, NULL, NULL),
(414, 17, 14, 0, NULL, NULL),
(415, 17, 15, 0, NULL, NULL),
(416, 17, 16, 0, NULL, NULL),
(417, 17, 17, 0, NULL, NULL),
(418, 17, 18, 0, NULL, NULL),
(419, 17, 19, 0, NULL, NULL),
(420, 17, 20, 0, NULL, NULL),
(421, 17, 21, 2, NULL, NULL),
(422, 17, 22, 2, NULL, NULL),
(423, 17, 23, 1, NULL, NULL),
(424, 17, 24, 2, NULL, NULL),
(425, 17, 25, 0, NULL, NULL),
(426, 18, 1, 0, NULL, NULL),
(427, 18, 2, 0, NULL, NULL),
(428, 18, 3, 0, NULL, NULL),
(429, 18, 4, 0, NULL, NULL),
(430, 18, 5, 0, NULL, NULL),
(431, 18, 6, 0, NULL, NULL),
(432, 18, 7, 0, NULL, NULL),
(433, 18, 8, 0, NULL, NULL),
(434, 18, 9, 0, NULL, NULL),
(435, 18, 10, 0, NULL, NULL),
(436, 18, 11, 0, NULL, NULL),
(437, 18, 12, 0, NULL, NULL),
(438, 18, 13, 0, NULL, NULL),
(439, 18, 14, 0, NULL, NULL),
(440, 18, 15, 0, NULL, NULL),
(441, 18, 16, 0, NULL, NULL),
(442, 18, 17, 0, NULL, NULL),
(443, 18, 18, 0, NULL, NULL),
(444, 18, 19, 0, NULL, NULL),
(445, 18, 20, 0, NULL, NULL),
(446, 18, 21, 2, NULL, NULL),
(447, 18, 22, 0, NULL, NULL),
(448, 18, 23, 0, NULL, NULL),
(449, 18, 24, 0, NULL, NULL),
(450, 18, 25, 0, NULL, NULL),
(451, 19, 1, 0, NULL, NULL),
(452, 19, 2, 1, NULL, NULL),
(453, 19, 3, 1, NULL, NULL),
(454, 19, 4, 1, NULL, NULL),
(455, 19, 5, 1, NULL, NULL),
(456, 19, 6, 1, NULL, NULL),
(457, 19, 7, 1, NULL, NULL),
(458, 19, 8, 1, NULL, NULL),
(459, 19, 9, 1, NULL, NULL),
(460, 19, 10, 1, NULL, NULL),
(461, 19, 11, 1, NULL, NULL),
(462, 19, 12, 1, NULL, NULL),
(463, 19, 13, 1, NULL, NULL),
(464, 19, 14, 1, NULL, NULL),
(465, 19, 15, 1, NULL, NULL),
(466, 19, 16, 1, NULL, NULL),
(467, 19, 17, 0, NULL, NULL),
(468, 19, 18, 0, NULL, NULL),
(469, 19, 19, 0, NULL, NULL),
(470, 19, 20, 1, NULL, NULL),
(471, 19, 21, 0, NULL, NULL),
(472, 19, 22, 1, NULL, NULL),
(473, 19, 23, 0, NULL, NULL),
(474, 19, 24, 0, NULL, NULL),
(475, 19, 25, 0, NULL, NULL),
(476, 20, 1, 0, NULL, NULL),
(477, 20, 2, 1, NULL, NULL),
(478, 20, 3, 0, NULL, NULL),
(479, 20, 4, 0, NULL, NULL),
(480, 20, 5, 1, NULL, NULL),
(481, 20, 6, 0, NULL, NULL),
(482, 20, 7, 1, NULL, NULL),
(483, 20, 8, 1, NULL, NULL),
(484, 20, 9, 0, NULL, NULL),
(485, 20, 10, 1, NULL, NULL),
(486, 20, 11, 1, NULL, NULL),
(487, 20, 12, 1, NULL, NULL),
(488, 20, 13, 1, NULL, NULL),
(489, 20, 14, 1, NULL, NULL),
(490, 20, 15, 1, NULL, NULL),
(491, 20, 16, 0, NULL, NULL),
(492, 20, 17, 0, NULL, NULL),
(493, 20, 18, 0, NULL, NULL),
(494, 20, 19, 0, NULL, NULL),
(495, 20, 20, 1, NULL, NULL),
(496, 20, 21, 0, NULL, NULL),
(497, 20, 22, 0, NULL, NULL),
(498, 20, 23, 0, NULL, NULL),
(499, 20, 24, 0, NULL, NULL),
(500, 20, 25, 0, NULL, NULL),
(501, 21, 1, 0, NULL, NULL),
(502, 21, 2, 0, NULL, NULL),
(503, 21, 3, 0, NULL, NULL),
(504, 21, 4, 0, NULL, NULL),
(505, 21, 5, 0, NULL, NULL),
(506, 21, 6, 0, NULL, NULL),
(507, 21, 7, 0, NULL, NULL),
(508, 21, 8, 1, NULL, NULL),
(509, 21, 9, 0, NULL, NULL),
(510, 21, 10, 0, NULL, NULL),
(511, 21, 11, 0, NULL, NULL),
(512, 21, 12, 0, NULL, NULL),
(513, 21, 13, 0, NULL, NULL),
(514, 21, 14, 0, NULL, NULL),
(515, 21, 15, 0, NULL, NULL),
(516, 21, 16, 0, NULL, NULL),
(517, 21, 17, 0, NULL, NULL),
(518, 21, 18, 0, NULL, NULL),
(519, 21, 19, 0, NULL, NULL),
(520, 21, 20, 1, NULL, NULL),
(521, 21, 21, 0, NULL, NULL),
(522, 21, 22, 0, NULL, NULL),
(523, 21, 23, 0, NULL, NULL),
(524, 21, 24, 0, NULL, NULL),
(525, 21, 25, 0, NULL, NULL),
(526, 22, 1, 0, NULL, NULL),
(527, 22, 2, 0, NULL, NULL),
(528, 22, 3, 0, NULL, NULL),
(529, 22, 4, 0, NULL, NULL),
(530, 22, 5, 0, NULL, NULL),
(531, 22, 6, 0, NULL, NULL),
(532, 22, 7, 0, NULL, NULL),
(533, 22, 8, 0, NULL, NULL),
(534, 22, 9, 0, NULL, NULL),
(535, 22, 10, 0, NULL, NULL),
(536, 22, 11, 0, NULL, NULL),
(537, 22, 12, 0, NULL, NULL),
(538, 22, 13, 0, NULL, NULL),
(539, 22, 14, 0, NULL, NULL),
(540, 22, 15, 0, NULL, NULL),
(541, 22, 16, 0, NULL, NULL),
(542, 22, 17, 0, NULL, NULL),
(543, 22, 18, 0, NULL, NULL),
(544, 22, 19, 0, NULL, NULL),
(545, 22, 20, 0, NULL, NULL),
(546, 22, 21, 0, NULL, NULL),
(547, 22, 22, 0, NULL, NULL),
(548, 22, 23, 0, NULL, NULL),
(549, 22, 24, 0, NULL, NULL),
(550, 22, 25, 0, NULL, NULL),
(551, 23, 1, 0, NULL, NULL),
(552, 23, 2, 0, NULL, NULL),
(553, 23, 3, 0, NULL, NULL),
(554, 23, 4, 0, NULL, NULL),
(555, 23, 5, 0, NULL, NULL),
(556, 23, 6, 0, NULL, NULL),
(557, 23, 7, 0, NULL, NULL),
(558, 23, 8, 0, NULL, NULL),
(559, 23, 9, 0, NULL, NULL),
(560, 23, 10, 0, NULL, NULL),
(561, 23, 11, 0, NULL, NULL),
(562, 23, 12, 0, NULL, NULL),
(563, 23, 13, 0, NULL, NULL),
(564, 23, 14, 0, NULL, NULL),
(565, 23, 15, 0, NULL, NULL),
(566, 23, 16, 0, NULL, NULL),
(567, 23, 17, 0, NULL, NULL),
(568, 23, 18, 0, NULL, NULL),
(569, 23, 19, 0, NULL, NULL),
(570, 23, 20, 0, NULL, NULL),
(571, 23, 21, 0, NULL, NULL),
(572, 23, 22, 0, NULL, NULL),
(573, 23, 23, 0, NULL, NULL),
(574, 23, 24, 0, NULL, NULL),
(575, 23, 25, 0, NULL, NULL);

-- --------------------------------------------------------

--
-- Struktura tabulky `t_score`
--

CREATE TABLE `t_score` (
  `id` int(11) NOT NULL,
  `id_date` int(11) NOT NULL,
  `datum` date NOT NULL,
  `vysledek` int(11) NOT NULL,
  `ohrazenice` int(11) NOT NULL,
  `doubravice` int(11) NOT NULL
) ENGINE=InnoDB DEFAULT CHARSET=utf8;

--
-- Vypisuji data pro tabulku `t_score`
--

INSERT INTO `t_score` (`id`, `id_date`, `datum`, `vysledek`, `ohrazenice`, `doubravice`) VALUES
(1, 0, '2018-09-07', 2, 10, 12),
(2, 0, '2018-10-05', 1, 15, 10),
(3, 0, '2018-10-12', 2, 8, 9),
(4, 0, '2018-10-19', 2, 11, 13),
(5, 0, '2018-10-26', 1, 22, 10),
(6, 0, '2018-11-02', 0, 14, 14),
(7, 0, '2018-11-09', 2, 8, 10),
(8, 0, '2018-11-16', 1, 13, 10),
(9, 0, '2018-11-23', 1, 14, 11),
(10, 0, '2018-11-30', 2, 8, 10),
(11, 0, '2018-12-07', 2, 7, 13),
(12, 0, '2018-12-14', 2, 9, 10),
(13, 0, '2018-12-21', 1, 15, 7),
(14, 0, '2019-01-04', 1, 16, 12),
(15, 0, '2019-01-11', 2, 13, 14),
(16, 0, '2019-01-18', 1, 14, 11),
(17, 0, '2019-01-25', 1, 15, 12),
(18, 0, '2019-02-01', 2, 9, 12),
(19, 0, '2019-02-08', 2, 10, 12),
(20, 0, '2018-09-21', 2, 14, 15),
(21, 0, '2019-02-15', 1, 10, 7),
(22, 0, '2019-02-22', 2, 9, 15),
(23, 0, '2019-03-01', 0, 12, 12),
(24, 0, '2019-03-08', 2, 6, 12),
(25, 0, '2019-03-15', 2, 6, 18),
(26, 0, '2019-03-22', 2, 4, 13),
(27, 0, '2019-03-29', 1, 10, 5),
(28, 0, '2019-04-05', 2, 7, 11),
(29, 0, '2019-04-12', 1, 19, 12),
(30, 0, '2019-04-19', 1, 19, 10),
(31, 0, '2019-04-26', 2, 9, 12),
(32, 0, '2019-05-03', 1, 13, 7),
(33, 0, '2019-05-10', 1, 12, 5),
(34, 0, '2019-05-17', 1, 11, 10),
(35, 0, '2019-05-24', 2, 8, 16),
(36, 0, '2019-05-31', 1, 18, 6),
(37, 0, '2019-06-07', 2, 8, 14),
(38, 0, '2019-09-06', 1, 14, 10),
(39, 0, '2019-06-14', 1, 11, 9),
(40, 0, '2019-06-21', 2, 8, 16),
(41, 0, '2019-09-13', 2, 8, 19),
(42, 0, '2019-09-20', 2, 7, 15),
(43, 0, '2019-09-27', 1, 15, 7),
(44, 0, '2019-10-04', 1, 8, 6),
(45, 0, '2019-10-11', 1, 9, 5),
(46, 0, '2019-10-18', 2, 12, 16),
(47, 0, '2019-10-25', 1, 15, 11),
(48, 0, '2019-11-01', 0, 13, 13),
(49, 0, '2019-11-08', 1, 12, 11),
(50, 0, '2019-11-15', 2, 12, 15),
(51, 0, '2019-11-22', 1, 17, 7),
(52, 0, '2019-11-29', 2, 8, 13),
(53, 0, '2019-12-06', 2, 6, 11),
(54, 0, '2019-12-13', 1, 15, 9),
(55, 0, '2019-12-20', 1, 16, 9),
(56, 0, '2019-12-27', 1, 17, 9),
(57, 0, '2020-01-03', 1, 10, 7),
(58, 0, '2020-01-10', 1, 9, 5),
(59, 0, '2020-01-17', 2, 8, 12),
(60, 0, '2020-01-24', 2, 10, 11),
(61, 0, '2020-01-31', 2, 9, 15),
(62, 0, '2020-02-07', 2, 6, 8),
(63, 0, '2020-02-14', 2, 4, 9),
(64, 0, '2020-02-21', 2, 12, 13),
(65, 0, '2020-02-28', 2, 6, 16),
(66, 0, '2020-03-07', 2, 7, 8),
(67, 0, '2020-05-15', 2, 12, 22),
(68, 0, '2020-05-22', 2, 13, 28),
(69, 0, '2020-05-29', 2, 8, 20),
(70, 0, '2020-06-05', 1, 11, 5),
(71, 0, '2020-06-12', 1, 13, 9),
(72, 0, '2020-06-19', 0, 10, 10),
(73, 0, '2020-06-26', 2, 6, 10),
(74, 0, '2020-09-04', 1, 10, 8),
(75, 0, '2020-09-11', 2, 12, 14),
(76, 0, '2020-09-18', 2, 14, 18),
(77, 0, '2020-09-25', 0, 0, 0),
(78, 0, '2020-10-02', 2, 6, 11),
(79, 0, '2021-09-03', 2, 4, 6),
(80, 0, '2021-09-10', 2, 8, 11),
(81, 0, '2021-09-17', 0, 12, 12),
(82, 0, '2021-09-24', 2, 12, 22),
(83, 0, '2021-10-01', 1, 10, 8),
(84, 0, '2021-10-08', 2, 11, 13),
(85, 0, '2021-10-15', 2, 8, 16),
(86, 0, '2021-10-22', 2, 9, 26),
(87, 0, '2021-10-29', 1, 13, 9),
(88, 0, '2021-11-05', 2, 15, 19),
(89, 0, '2021-11-12', 1, 12, 9),
(90, 0, '2021-11-19', 2, 10, 21),
(91, 0, '2021-11-26', 2, 12, 13),
(92, 0, '2021-12-03', 2, 6, 12),
(93, 0, '2021-12-10', 2, 1, 17),
(94, 0, '2021-12-17', 1, 10, 9),
(95, 0, '2021-12-31', 2, 9, 16),
(96, 0, '2022-01-07', 2, 10, 16),
(97, 0, '2022-01-21', 1, 15, 11),
(98, 0, '2022-01-28', 2, 12, 13),
(99, 0, '2022-02-04', 1, 9, 8),
(100, 0, '2022-02-11', 2, 9, 11),
(101, 0, '2022-01-14', 1, 14, 7),
(102, 0, '2022-02-18', 2, 5, 16),
(103, 0, '2022-02-25', 1, 11, 7),
(104, 0, '2022-03-04', 1, 11, 8),
(105, 0, '2022-03-11', 1, 12, 7),
(106, 0, '2022-03-18', 1, 14, 9),
(107, 0, '2022-03-25', 2, 8, 12),
(108, 0, '2022-04-01', 1, 12, 10),
(109, 0, '2022-04-08', 1, 14, 13),
(110, 0, '2022-04-15', 2, 8, 10),
(111, 0, '2022-04-22', 1, 12, 9),
(112, 0, '2022-04-29', 2, 6, 10),
(113, 0, '2022-05-13', 2, 8, 11),
(114, 0, '2022-05-06', 2, 5, 8),
(115, 0, '2022-05-20', 2, 10, 13),
(116, 0, '2022-05-27', 2, 7, 11),
(117, 0, '2022-06-17', 1, 14, 7);

--
-- Klíče pro exportované tabulky
--

--
-- Klíče pro tabulku `c_attendance`
--
ALTER TABLE `c_attendance`
  ADD PRIMARY KEY (`c_att`);

--
-- Klíče pro tabulku `t_date`
--
ALTER TABLE `t_date`
  ADD PRIMARY KEY (`id`);

--
-- Klíče pro tabulku `t_player`
--
ALTER TABLE `t_player`
  ADD PRIMARY KEY (`id`);

--
-- Klíče pro tabulku `t_player_date`
--
ALTER TABLE `t_player_date`
  ADD PRIMARY KEY (`id`),
  ADD KEY `IXFK_t_player_date_t_date` (`id_date`),
  ADD KEY `IXFK_t_player_date_t_player` (`id_player`);

--
-- Klíče pro tabulku `t_score`
--
ALTER TABLE `t_score`
  ADD PRIMARY KEY (`id`);

--
-- Omezení pro exportované tabulky
--

--
-- Omezení pro tabulku `t_player_date`
--
ALTER TABLE `t_player_date`
  ADD CONSTRAINT `FK_t_player_date_t_date` FOREIGN KEY (`id_date`) REFERENCES `t_date` (`id`),
  ADD CONSTRAINT `FK_t_player_date_t_player` FOREIGN KEY (`id_player`) REFERENCES `t_player` (`id`);
COMMIT;

/*!40101 SET CHARACTER_SET_CLIENT=@OLD_CHARACTER_SET_CLIENT */;
/*!40101 SET CHARACTER_SET_RESULTS=@OLD_CHARACTER_SET_RESULTS */;
/*!40101 SET COLLATION_CONNECTION=@OLD_COLLATION_CONNECTION */;
